{
  "targets": [
	"andesite",
	"andesite_stairs",
	"andesite_slab",
	"andesite_wall",
	"diorite",
	"diorite_stairs",
	"diorite_slab",
	"diorite_wall",
	"granite",
	"granite_stairs",
	"granite_slab",
	"granite_wall",
	"polished_andesite",
	"polished_andesite_stairs",
	"polished_andesite_slab",
	"polished_diorite",
	"polished_diorite_stairs",
	"polished_diorite_slab",
	"polished_granite",
	"polished_granite_stairs",
	"polished_granite_slab"
  ],
   "sound_type": {
      "break_sound": "block.basalt.break",
      "place_sound": "block.basalt.place",
      "hit_sound": "block.dripstone_block.break",
      "step_sound": "block.dripstone_block.step",
      "fall_sound": "block.dripstone_block.step",
      "pitch": 0.6,
      "volume": 1
   } 
}