{
  "targets": [
	"lava"
  ],
  "particle_emitters": [
    {
      "chance": "0.01",
      "particle": "aesthetics:lava_bubble",
      "x": "cos(TIME)/2+0.5",
      "y": "0.9",
      "z": "sin(TIME)/2+0.5",
      "dy": "0.01"
    },
    {
      "chance": "0.01",
      "particle": "aesthetics:large_smoke",
      "x": "cos(TIME)/2+0.5",
      "y": "0.9",
      "z": "sin(TIME)/2+0.5"
    },
    {
      "chance": "0.0001",
      "particle": "aesthetics:lava_burst_emit",
      "spawn_location": "block_faces",
	"y": "0.1"
    }
  ]
}