{
  "targets": [
	"stone",
	"stone_stairs",
	"stone_slab",
	"stone_wall",
	"smooth_stone",
	"smooth_stone_slab",
	"stone_brick",
	"stone_brick_stairs",
	"stone_brick_slab",
	"stone_brick_wall",
	"chiseled_stone_bricks",
	"cracked_stone_bricks",
	"mossy_stone_bricks",
	"mossy_stone_brick_stairs",
	"mossy_stone_brick_slab",
	"mossy_stone_brick_wall",
	"cobblestone",
	"cobblestone_stairs",
	"cobblestone_slab",
	"cobblestone_wall",
	"mossy_cobblestone",
	"mossy_cobblestone_stairs",
	"mossy_cobblestone_slab",
	"mossy_cobblestone_wall",
	"lapis_block"
  ],
   "sound_type": {
      "break_sound": "block.basalt.break",
      "place_sound": "block.basalt.place",
      "hit_sound": "block.basalt.break",
      "step_sound": "block.stone.step",
      "fall_sound": "block.stone.step",
      "pitch": 1,
      "volume": 1
   } 
}