{
  "targets": [
	"diamond_ore",
	"deepslate_diamond_ore",
	"emerald_ore",
	"deepslate_emerald_ore"
  ],
  "particle_emitters": [
    {
      "chance": "0.1",
      "particle": "minecraft:electric_spark",
      "x": "cos(TIME)/3+0.5",
      "z": "sin(TIME)/3+0.5",
      "y": "1.1"
    },
    {
      "chance": "0.1",
      "particle": "minecraft:electric_spark",
      "x": "cos(TIME-14)/3+0.5",
      "z": "sin(TIME-14)/3+0.5",
      "y": "-0.1"
    },
    {
      "chance": "0.1",
      "particle": "minecraft:electric_spark",
      "x": "cos(TIME+5)/3+0.5",
      "z": "1.1",
      "y": "sin(TIME+5)/3+0.5"
    },
    {
      "chance": "0.1",
      "particle": "minecraft:electric_spark",
      "x": "cos(TIME-9)/3+0.5",
      "z": "-0.1",
      "y": "sin(TIME-9)/3+0.5"
    },
    {
      "chance": "0.1",
      "particle": "minecraft:electric_spark",
      "z": "cos(TIME-19)/3+0.5",
      "x": "1.1",
      "y": "sin(TIME-19)/3+0.5"
    },
    {
      "chance": "0.1",
      "particle": "minecraft:electric_spark",
      "z": "cos(TIME+9)/3+0.5",
      "x": "-0.1",
      "y": "sin(TIME+9)/3+0.5"
    }
  ]
}