{
  "targets": [
	"prismarine",
	"prismarine_stairs",
	"prismarine_slab",
	"prismarine_wall",
	"prismarine_bricks",
	"prismarine_bricks_stairs",
	"prismarine_bricks_slab",
	"dark_prismarine",
	"dark_prismarine_stairs",
	"dark_prismarine_slab"
  ],
   "sound_type": {
      "break_sound": "block.calcite.break",
      "place_sound": "block.calcite.place",
      "hit_sound": "block.calcite.break",
      "step_sound": "block.calcite.step",
      "fall_sound": "block.calcite.step",
      "pitch": 0.7,
      "volume": 1
   } 
}