{
  "model": {
    "type": "minecraft:select",
    "cases": [
	{
	   "model": {
		"type": "minecraft:model",
		"model": "minecraft:item/iron_sword_illager"
		},
	   "when": "vindicator"
	}
    ],
    "fallback": {
   	 "type": "minecraft:range_dispatch",
  	  "property": "minecraft:damage",
  	  "entries": [
		{
		  "model": {
		    "type": "minecraft:model",
		    "model": "minecraft:item/iron_sword_damage_1"
		  },
		  "threshold": 0.75
		},
		{
		  "model": {
		    "type": "minecraft:model",
		    "model": "minecraft:item/iron_sword_damage_2"
		  },
		  "threshold": 0.9
		},
		{
		  "model": {
		    "type": "minecraft:model",
		    "model": "minecraft:item/iron_sword_damage_3"
		  },
		  "threshold": 0.95
		}
  	  ],
 	   "fallback": {
		"type": "minecraft:model",
		"model": "minecraft:item/iron_sword"
 	   }
	},
    "property": "minecraft:holder_type"
  }
}