{
  "model": {
    "type": "minecraft:range_dispatch",
    "property": "minecraft:damage",
    "entries": [
	{
	  "model": {
	    "type": "minecraft:model",
	    "model": "minecraft:item/netherite_shovel_damage_1"
	  },
	  "threshold": 0.85
	},
	{
	  "model": {
	    "type": "minecraft:model",
	    "model": "minecraft:item/netherite_shovel_damage_2"
	  },
	  "threshold": 0.93
	},
	{
	  "model": {
	    "type": "minecraft:model",
	    "model": "minecraft:item/netherite_shovel_damage_3"
	  },
	  "threshold": 0.98
	}
    ],
    "fallback": {
	"type": "minecraft:model",
	"model": "minecraft:item/netherite_shovel"
    }
  }
}