{
  "model": {
    "type": "minecraft:condition",
    "on_false": {
      "type": "minecraft:condition",
      "on_false": {
	"type": "minecraft:model",
	"model": "minecraft:item/ominous_bottle"
      },
      "on_true": {
	"type": "minecraft:model",
	"model": "minecraft:item/ominous_bottle_held"
      },
      "property": "minecraft:selected"
    },
    "on_true": {
      "type": "minecraft:model",
      "model": "minecraft:item/ominous_bottle_held"
    },
    "property": "minecraft:carried"
  }
}