{
	"credit": "Made with Blockbench",
	"textures": {
		"2": "block/bell_side",
		"3": "block/bell_top",
		"bar": "block/dark_oak_planks",
		"particle": "block/bell_bottom"
	},
	"elements": [
		{
			"from": [2, 13, 7],
			"to": [14, 15, 9],
			"rotation": {"angle": 0, "axis": "y", "origin": [-1, 0, 0]},
			"faces": {
				"north": {"uv": [2, 2, 14, 4], "texture": "#bar"},
				"east": {"uv": [5, 4, 7, 6], "texture": "#bar", "cullface": "east"},
				"south": {"uv": [2, 3, 14, 5], "texture": "#bar"},
				"west": {"uv": [5, 4, 7, 6], "texture": "#bar"},
				"up": {"uv": [2, 3, 14, 5], "texture": "#bar"},
				"down": {"uv": [2, 3, 14, 5], "texture": "#bar"}
			}
		},
		{
			"from": [5, 6, 5],
			"to": [11, 13, 11],
			"rotation": {"angle": 0, "axis": "y", "origin": [5, 6, 5]},
			"faces": {
				"north": {"uv": [1, 0, 7, 7], "texture": "#2"},
				"east": {"uv": [1, 0, 7, 7], "texture": "#2"},
				"south": {"uv": [1, 0, 7, 7], "texture": "#2"},
				"west": {"uv": [1, 0, 7, 7], "texture": "#2"},
				"up": {"uv": [1, 1, 7, 7], "texture": "#3"},
				"down": {"uv": [1, 1, 7, 7], "texture": "#particle"}
			}
		},
		{
			"from": [4, 4, 4],
			"to": [12, 6, 12],
			"rotation": {"angle": 0, "axis": "y", "origin": [5, 4, 5]},
			"faces": {
				"north": {"uv": [0, 7, 8, 9], "texture": "#2"},
				"east": {"uv": [0, 7, 8, 9], "texture": "#2"},
				"south": {"uv": [0, 7, 8, 9], "texture": "#2"},
				"west": {"uv": [0, 7, 8, 9], "texture": "#2"},
				"up": {"uv": [0, 0, 8, 8], "texture": "#3"},
				"down": {"uv": [0, 0, 8, 8], "texture": "#particle"}
			}
		}
	],
	"display": {
		"thirdperson_righthand": {
			"rotation": [54, 0, 0],
			"translation": [0, -1.25, -1.75],
			"scale": [0.375, 0.375, 0.375]
		},
		"thirdperson_lefthand": {
			"rotation": [54, 0, 0],
			"translation": [0, -1.25, -1.75],
			"scale": [0.375, 0.375, 0.375]
		},
		"firstperson_righthand": {
			"scale": [0.4, 0.4, 0.4]
		},
		"firstperson_lefthand": {
			"scale": [0.4, 0.4, 0.4]
		}
	}
}