{
  "variants": {
    "type=bottom": [
	{ "model": "minecraft:block/wood/acacia/acacia_slab" },
	{ "model": "minecraft:block/wood/acacia/acacia_slab_1" },
	{ "model": "minecraft:block/wood/acacia/acacia_slab_2" }
	],
    "type=double": [
	{ "model": "minecraft:block/wood/acacia/acacia_planks" },
	{ "model": "minecraft:block/wood/acacia/acacia_planks1" },
	{ "model": "minecraft:block/wood/acacia/acacia_planks2" }
	],
    "type=top": [
	{ "model": "minecraft:block/wood/acacia/acacia_slab_top" },
	{ "model": "minecraft:block/wood/acacia/acacia_slab_top_1" },
	{ "model": "minecraft:block/wood/acacia/acacia_slab_top_2" }
	]
  }
}