{
  "variants": {
    "type=bottom": [
	{ "model": "minecraft:block/wood/birch/birch_slab" },
	{ "model": "minecraft:block/wood/birch/birch_slab_1" },
	{ "model": "minecraft:block/wood/birch/birch_slab_2" }
	],
    "type=double": [
	{ "model": "minecraft:block/wood/birch/birch_planks" },
	{ "model": "minecraft:block/wood/birch/birch_planks1" },
	{ "model": "minecraft:block/wood/birch/birch_planks2" }
	],
    "type=top": [
	{ "model": "minecraft:block/wood/birch/birch_slab_top" },
	{ "model": "minecraft:block/wood/birch/birch_slab_top_1" },
	{ "model": "minecraft:block/wood/birch/birch_slab_top_2" }
	]
  }
}