{
  "variants": {
    "facing=east,lit=false": [
	{ "model": "minecraft:block/campfire_off", "y": 270 }
	],
    "facing=east,lit=true": [
	{ "model": "minecraft:block/campfire", "y": 270 },
	{ "model": "minecraft:block/campfire1", "y": 270 }
	],
    "facing=north,lit=false": [
	{ "model": "minecraft:block/campfire_off", "y": 180 }
	],
    "facing=north,lit=true": [
	{ "model": "minecraft:block/campfire", "y": 180 },
	{ "model": "minecraft:block/campfire1", "y": 180 }
	],
    "facing=south,lit=false": [
	{ "model": "minecraft:block/campfire_off" }
	],
    "facing=south,lit=true": [
	{ "model": "minecraft:block/campfire" },
	{ "model": "minecraft:block/campfire1" }
	],
    "facing=west,lit=false": [
	{ "model": "minecraft:block/campfire_off", "y": 90 }
	],
    "facing=west,lit=true": [
	{ "model": "minecraft:block/campfire", "y": 90 },
	{ "model": "minecraft:block/campfire1", "y": 90 }
	]
  }
}