{
  "variants": {
    "type=bottom": [
	{ "model": "minecraft:block/wood/cherry/cherry_slab" },
	{ "model": "minecraft:block/wood/cherry/cherry_slab_1" },
	{ "model": "minecraft:block/wood/cherry/cherry_slab_2" }
	],
    "type=double": [
	{ "model": "minecraft:block/wood/cherry/cherry_planks" },
	{ "model": "minecraft:block/wood/cherry/cherry_planks1" },
	{ "model": "minecraft:block/wood/cherry/cherry_planks2" }
	],
    "type=top": [
	{ "model": "minecraft:block/wood/cherry/cherry_slab_top" },
	{ "model": "minecraft:block/wood/cherry/cherry_slab_top_1" },
	{ "model": "minecraft:block/wood/cherry/cherry_slab_top_2" }
	]
  }
}