{
  "variants": {
    "type=bottom": [
      {"model": "block/cobblestone_slab", "weight": 4},
      {"model": "block/cobblestone_slab1"},
      {"model": "block/cobblestone_slab2"},
      {"model": "block/cobblestone_slab3"}
    ],
    "type=top": [
      {"model": "block/cobblestone_slab_top", "weight": 4},
      {"model": "block/cobblestone_slab_top1"},
      {"model": "block/cobblestone_slab_top2"},
      {"model": "block/cobblestone_slab_top3"}
    ],
    "type=double": [
      {"model": "block/cobblestone", "weight": 4},
      {"model": "block/cobblestone1"},
      {"model": "block/cobblestone2"},
      {"model": "block/cobblestone3"}
    ]
  }
}