{
    "variants": {
        "level=0": 
	{ "model": "block/composter" },
        "level=1": 
	{ "model": "block/composter1" },
        "level=2": 
	{ "model": "block/composter2" },
        "level=3": 
	{ "model": "block/composter3" },
        "level=4": 
	{ "model": "block/composter4" },
        "level=5": 
	{ "model": "block/composter5" },
        "level=6": 
	{ "model": "block/composter6" },
        "level=7": 
	{ "model": "block/composter7" },
        "level=8": 
	{ "model": "block/composter8" }
    }
}