{
  "variants": {
    "": [
      { "model": "minecraft:block/cornflower" },
      { "model": "minecraft:block/flowers/two_cornflowers" },
      { "model": "minecraft:block/flowers/two_cornflowers_alt" },
      { "model": "minecraft:block/flowers/three_cornflowers", "weight": 16 },
      { "model": "minecraft:block/flowers/three_cornflowers_alt", "weight": 16 },
      { "model": "minecraft:block/cornflower2" },
      { "model": "minecraft:block/flowers/two_cornflowers2" },
      { "model": "minecraft:block/flowers/two_cornflowers_alt2" },
      { "model": "minecraft:block/flowers/three_cornflowers2", "weight": 16 },
      { "model": "minecraft:block/flowers/three_cornflowers_alt2", "weight": 16 },
      { "model": "minecraft:block/cornflower3" },
      { "model": "minecraft:block/flowers/two_cornflowers3" },
      { "model": "minecraft:block/flowers/two_cornflowers_alt3" },
      { "model": "minecraft:block/flowers/three_cornflowers3", "weight": 16 },
      { "model": "minecraft:block/flowers/three_cornflowers_alt3", "weight": 16 },
      { "model": "minecraft:block/cornflower4" },
      { "model": "minecraft:block/flowers/two_cornflowers4" },
      { "model": "minecraft:block/flowers/two_cornflowers_alt4" },
      { "model": "minecraft:block/flowers/three_cornflowers4", "weight": 16 },
      { "model": "minecraft:block/flowers/three_cornflowers_alt4", "weight": 16 }
    ]
  }
}