{
  "variants": {
    "axis=x": {
      "model": "minecraft:block/wood/crimson/crimson_stem", "x": 90, "y": 90,
      "model": "minecraft:block/wood/crimson/crimson_stem1", "x": 90, "y": 90
    },
    "axis=y": {
      "model": "minecraft:block/wood/crimson/crimson_stem",
      "model": "minecraft:block/wood/crimson/crimson_stem1"
    },
    "axis=z": {
      "model": "minecraft:block/wood/crimson/crimson_stem", "x": 90,
      "model": "minecraft:block/wood/crimson/crimson_stem1", "x": 90
    }
  }
}