{
  "variants": {
    "": [
      { "model": "minecraft:block/dandelion" },
      { "model": "minecraft:block/flowers/two_dandelions" },
      { "model": "minecraft:block/flowers/two_dandelions_alt" },
      { "model": "minecraft:block/flowers/three_dandelions", "weight": 16 },
      { "model": "minecraft:block/flowers/three_dandelions_alt", "weight": 16 },
      { "model": "minecraft:block/dandelion2" },
      { "model": "minecraft:block/flowers/two_dandelions2" },
      { "model": "minecraft:block/flowers/two_dandelions_alt2" },
      { "model": "minecraft:block/flowers/three_dandelions2", "weight": 16 },
      { "model": "minecraft:block/flowers/three_dandelions_alt2", "weight": 16 },
      { "model": "minecraft:block/dandelion3" },
      { "model": "minecraft:block/flowers/two_dandelions3" },
      { "model": "minecraft:block/flowers/two_dandelions_alt3" },
      { "model": "minecraft:block/flowers/three_dandelions3", "weight": 16 },
      { "model": "minecraft:block/flowers/three_dandelions_alt3", "weight": 16 },
      { "model": "minecraft:block/dandelion4" },
      { "model": "minecraft:block/flowers/two_dandelions4" },
      { "model": "minecraft:block/flowers/two_dandelions_alt4" },
      { "model": "minecraft:block/flowers/three_dandelions4", "weight": 16 },
      { "model": "minecraft:block/flowers/three_dandelions_alt4", "weight": 16 }
    ]
  }
}