{
  "variants": {
    
	"facing=east,half=bottom,shape=straight": [
	  {"model":"minecraft:block/wood/dark_oak/dark_oak_stairs"},
	  {"model":"minecraft:block/wood/dark_oak/dark_oak_stairs_1"},
	  {"model":"minecraft:block/wood/dark_oak/dark_oak_stairs_2"} ],
	
	"facing=west,half=bottom,shape=straight": [
	  {"model":"minecraft:block/wood/dark_oak/dark_oak_stairs","y":180,"uvlock":true},
	  {"model":"minecraft:block/wood/dark_oak/dark_oak_stairs_1","y":180,"uvlock":true},
	  {"model":"minecraft:block/wood/dark_oak/dark_oak_stairs_2","y":180,"uvlock":true} ],
	
	"facing=south,half=bottom,shape=straight":[ 
	  {"model":"minecraft:block/wood/dark_oak/dark_oak_stairs","y":90,"uvlock":true},
	  {"model":"minecraft:block/wood/dark_oak/dark_oak_stairs_1","y":90,"uvlock":true},
	  {"model":"minecraft:block/wood/dark_oak/dark_oak_stairs_2","y":90,"uvlock":true} ],
	
	"facing=north,half=bottom,shape=straight":[ 
	  {"model":"minecraft:block/wood/dark_oak/dark_oak_stairs","y":270,"uvlock":true},
	  {"model":"minecraft:block/wood/dark_oak/dark_oak_stairs_1","y":270,"uvlock":true},
	  {"model":"minecraft:block/wood/dark_oak/dark_oak_stairs_2","y":270,"uvlock":true} ],
	
	"facing=east,half=bottom,shape=outer_right":[ 
	  {"model":"minecraft:block/wood/dark_oak/dark_oak_stairs_outer"},
	  {"model":"minecraft:block/wood/dark_oak/dark_oak_stairs_outer_1"},
	  {"model":"minecraft:block/wood/dark_oak/dark_oak_stairs_outer_2"} ],
	
	"facing=west,half=bottom,shape=outer_right": [ 
	  {"model":"minecraft:block/wood/dark_oak/dark_oak_stairs_outer","y":180,"uvlock":true},
	  {"model":"minecraft:block/wood/dark_oak/dark_oak_stairs_outer_1","y":180,"uvlock":true},
	  {"model":"minecraft:block/wood/dark_oak/dark_oak_stairs_outer_2","y":180,"uvlock":true} ],
	
	"facing=south,half=bottom,shape=outer_right": [
	  {"model":"minecraft:block/wood/dark_oak/dark_oak_stairs_outer","y":90,"uvlock":true},
	  {"model":"minecraft:block/wood/dark_oak/dark_oak_stairs_outer_1","y":90,"uvlock":true},
	  {"model":"minecraft:block/wood/dark_oak/dark_oak_stairs_outer_2","y":90,"uvlock":true} ],
	
	"facing=north,half=bottom,shape=outer_right": [
	  {"model":"minecraft:block/wood/dark_oak/dark_oak_stairs_outer","y":270,"uvlock":true},
	  {"model":"minecraft:block/wood/dark_oak/dark_oak_stairs_outer_1","y":270,"uvlock":true},
	  {"model":"minecraft:block/wood/dark_oak/dark_oak_stairs_outer_2","y":270,"uvlock":true} ],
	
	"facing=east,half=bottom,shape=outer_left": [
	  {"model":"minecraft:block/wood/dark_oak/dark_oak_stairs_outer","y":270,"uvlock":true},
	  {"model":"minecraft:block/wood/dark_oak/dark_oak_stairs_outer_1","y":270,"uvlock":true},
	  {"model":"minecraft:block/wood/dark_oak/dark_oak_stairs_outer_2","y":270,"uvlock":true} ],
	
	"facing=west,half=bottom,shape=outer_left": [
	  {"model":"minecraft:block/wood/dark_oak/dark_oak_stairs_outer","y":90,"uvlock":true},
	  {"model":"minecraft:block/wood/dark_oak/dark_oak_stairs_outer_1","y":90,"uvlock":true},
	  {"model":"minecraft:block/wood/dark_oak/dark_oak_stairs_outer_2","y":90,"uvlock":true} ],
	
	"facing=south,half=bottom,shape=outer_left": [
	  {"model":"minecraft:block/wood/dark_oak/dark_oak_stairs_outer"},
	  {"model":"minecraft:block/wood/dark_oak/dark_oak_stairs_outer_1"},
	  {"model":"minecraft:block/wood/dark_oak/dark_oak_stairs_outer_2"} ],
	
	"facing=north,half=bottom,shape=outer_left": [
	  {"model":"minecraft:block/wood/dark_oak/dark_oak_stairs_outer","y":180,"uvlock":true},
	  {"model":"minecraft:block/wood/dark_oak/dark_oak_stairs_outer_1","y":180,"uvlock":true},
	  {"model":"minecraft:block/wood/dark_oak/dark_oak_stairs_outer_2","y":180,"uvlock":true} ],
	
	"facing=east,half=bottom,shape=inner_right": [
	  {"model":"minecraft:block/wood/dark_oak/dark_oak_stairs_inner"},
	  {"model":"minecraft:block/wood/dark_oak/dark_oak_stairs_inner_1"},
	  {"model":"minecraft:block/wood/dark_oak/dark_oak_stairs_inner_2"} ],
	
	"facing=west,half=bottom,shape=inner_right": [
	  {"model":"minecraft:block/wood/dark_oak/dark_oak_stairs_inner","y":180,"uvlock":true},
	  {"model":"minecraft:block/wood/dark_oak/dark_oak_stairs_inner_1","y":180,"uvlock":true},
	  {"model":"minecraft:block/wood/dark_oak/dark_oak_stairs_inner_2","y":180,"uvlock":true} ],
	
	"facing=south,half=bottom,shape=inner_right": [
	  {"model":"minecraft:block/wood/dark_oak/dark_oak_stairs_inner","y":90,"uvlock":true},
	  {"model":"minecraft:block/wood/dark_oak/dark_oak_stairs_inner_1","y":90,"uvlock":true},
	  {"model":"minecraft:block/wood/dark_oak/dark_oak_stairs_inner_2","y":90,"uvlock":true} ],
	
	"facing=north,half=bottom,shape=inner_right": [
	  {"model":"minecraft:block/wood/dark_oak/dark_oak_stairs_inner","y":270,"uvlock":true},
	  {"model":"minecraft:block/wood/dark_oak/dark_oak_stairs_inner_1","y":270,"uvlock":true},
	  {"model":"minecraft:block/wood/dark_oak/dark_oak_stairs_inner_2","y":270,"uvlock":true} ],
	
	"facing=east,half=bottom,shape=inner_left": [
	  {"model":"minecraft:block/wood/dark_oak/dark_oak_stairs_inner","y":270,"uvlock":true},
	  {"model":"minecraft:block/wood/dark_oak/dark_oak_stairs_inner_1","y":270,"uvlock":true},
	  {"model":"minecraft:block/wood/dark_oak/dark_oak_stairs_inner_2","y":270,"uvlock":true} ],
	
	"facing=west,half=bottom,shape=inner_left": [
	  {"model":"minecraft:block/wood/dark_oak/dark_oak_stairs_inner","y":90,"uvlock":true},
	  {"model":"minecraft:block/wood/dark_oak/dark_oak_stairs_inner_1","y":90,"uvlock":true},
	  {"model":"minecraft:block/wood/dark_oak/dark_oak_stairs_inner_2","y":90,"uvlock":true} ],
	
	"facing=south,half=bottom,shape=inner_left": [
	  {"model":"minecraft:block/wood/dark_oak/dark_oak_stairs_inner"},
	  {"model":"minecraft:block/wood/dark_oak/dark_oak_stairs_inner_1"},
	  {"model":"minecraft:block/wood/dark_oak/dark_oak_stairs_inner_2"} ],
	
	"facing=north,half=bottom,shape=inner_left": [
	  {"model":"minecraft:block/wood/dark_oak/dark_oak_stairs_inner","y":180,"uvlock":true},
	  {"model":"minecraft:block/wood/dark_oak/dark_oak_stairs_inner_1","y":180,"uvlock":true},
	  {"model":"minecraft:block/wood/dark_oak/dark_oak_stairs_inner_2","y":180,"uvlock":true} ],
	
	"facing=east,half=top,shape=straight": [
	  {"model":"minecraft:block/wood/dark_oak/dark_oak_stairs","x":180,"uvlock":true},
	  {"model":"minecraft:block/wood/dark_oak/dark_oak_stairs_1","x":180,"uvlock":true},
	  {"model":"minecraft:block/wood/dark_oak/dark_oak_stairs_2","x":180,"uvlock":true} ],
	
	"facing=west,half=top,shape=straight": [
	  {"model":"minecraft:block/wood/dark_oak/dark_oak_stairs","y":180,"uvlock":true,"x":180},
	  {"model":"minecraft:block/wood/dark_oak/dark_oak_stairs_1","y":180,"uvlock":true,"x":180},
	  {"model":"minecraft:block/wood/dark_oak/dark_oak_stairs_2","y":180,"uvlock":true,"x":180} ],
	
	"facing=south,half=top,shape=straight": [
	  {"model":"minecraft:block/wood/dark_oak/dark_oak_stairs","y":90,"uvlock":true,"x":180},
	  {"model":"minecraft:block/wood/dark_oak/dark_oak_stairs_1","y":90,"uvlock":true,"x":180},
	  {"model":"minecraft:block/wood/dark_oak/dark_oak_stairs_2","y":90,"uvlock":true,"x":180} ],
	
	"facing=north,half=top,shape=straight": [
	  {"model":"minecraft:block/wood/dark_oak/dark_oak_stairs","y":270,"uvlock":true,"x":180},
	  {"model":"minecraft:block/wood/dark_oak/dark_oak_stairs_1","y":270,"uvlock":true,"x":180},
	  {"model":"minecraft:block/wood/dark_oak/dark_oak_stairs_2","y":270,"uvlock":true,"x":180} ],
	
	"facing=east,half=top,shape=outer_right": [
	  {"model":"minecraft:block/wood/dark_oak/dark_oak_stairs_outer","y":90,"uvlock":true,"x":180},
	  {"model":"minecraft:block/wood/dark_oak/dark_oak_stairs_outer_1","y":90,"uvlock":true,"x":180},
	  {"model":"minecraft:block/wood/dark_oak/dark_oak_stairs_outer_2","y":90,"uvlock":true,"x":180} ],
	
	"facing=west,half=top,shape=outer_right": [
	  {"model":"minecraft:block/wood/dark_oak/dark_oak_stairs_outer","y":270,"uvlock":true,"x":180},
	  {"model":"minecraft:block/wood/dark_oak/dark_oak_stairs_outer_1","y":270,"uvlock":true,"x":180},
	  {"model":"minecraft:block/wood/dark_oak/dark_oak_stairs_outer_2","y":270,"uvlock":true,"x":180} ],
	
	"facing=south,half=top,shape=outer_right": [
	  {"model":"minecraft:block/wood/dark_oak/dark_oak_stairs_outer","y":180,"uvlock":true,"x":180},
	  {"model":"minecraft:block/wood/dark_oak/dark_oak_stairs_outer_1","y":180,"uvlock":true,"x":180},
	  {"model":"minecraft:block/wood/dark_oak/dark_oak_stairs_outer_2","y":180,"uvlock":true,"x":180} ],
	
	"facing=north,half=top,shape=outer_right": [
	  {"model":"minecraft:block/wood/dark_oak/dark_oak_stairs_outer","x":180,"uvlock":true},
	  {"model":"minecraft:block/wood/dark_oak/dark_oak_stairs_outer_1","x":180,"uvlock":true},
	  {"model":"minecraft:block/wood/dark_oak/dark_oak_stairs_outer_2","x":180,"uvlock":true} ],
	
	"facing=east,half=top,shape=outer_left": [
	  {"model":"minecraft:block/wood/dark_oak/dark_oak_stairs_outer","x":180,"uvlock":true},
	  {"model":"minecraft:block/wood/dark_oak/dark_oak_stairs_outer_1","x":180,"uvlock":true},
	  {"model":"minecraft:block/wood/dark_oak/dark_oak_stairs_outer_2","x":180,"uvlock":true} ],
	
	"facing=west,half=top,shape=outer_left": [
	  {"model":"minecraft:block/wood/dark_oak/dark_oak_stairs_outer","y":180,"uvlock":true,"x":180},
	  {"model":"minecraft:block/wood/dark_oak/dark_oak_stairs_outer_1","y":180,"uvlock":true,"x":180},
	  {"model":"minecraft:block/wood/dark_oak/dark_oak_stairs_outer_2","y":180,"uvlock":true,"x":180} ],
	
	"facing=south,half=top,shape=outer_left": [
	  {"model":"minecraft:block/wood/dark_oak/dark_oak_stairs_outer","y":90,"uvlock":true,"x":180},
	  {"model":"minecraft:block/wood/dark_oak/dark_oak_stairs_outer_1","y":90,"uvlock":true,"x":180},
	  {"model":"minecraft:block/wood/dark_oak/dark_oak_stairs_outer_2","y":90,"uvlock":true,"x":180} ],
	
	"facing=north,half=top,shape=outer_left": [
	  {"model":"minecraft:block/wood/dark_oak/dark_oak_stairs_outer","y":270,"uvlock":true,"x":180},
	  {"model":"minecraft:block/wood/dark_oak/dark_oak_stairs_outer_1","y":270,"uvlock":true,"x":180},
	  {"model":"minecraft:block/wood/dark_oak/dark_oak_stairs_outer_2","y":270,"uvlock":true,"x":180} ],
	
	"facing=east,half=top,shape=inner_right": [
	  {"model":"minecraft:block/wood/dark_oak/dark_oak_stairs_inner","y":90,"uvlock":true,"x":180},
	  {"model":"minecraft:block/wood/dark_oak/dark_oak_stairs_inner_1","y":90,"uvlock":true,"x":180},
	  {"model":"minecraft:block/wood/dark_oak/dark_oak_stairs_inner_2","y":90,"uvlock":true,"x":180} ],
	
	"facing=west,half=top,shape=inner_right": [
	  {"model":"minecraft:block/wood/dark_oak/dark_oak_stairs_inner","y":270,"uvlock":true,"x":180},
	  {"model":"minecraft:block/wood/dark_oak/dark_oak_stairs_inner_1","y":270,"uvlock":true,"x":180},
	  {"model":"minecraft:block/wood/dark_oak/dark_oak_stairs_inner_2","y":270,"uvlock":true,"x":180} ],
	  
	"facing=south,half=top,shape=inner_right": [
	  {"model":"minecraft:block/wood/dark_oak/dark_oak_stairs_inner","y":180,"uvlock":true,"x":180},
	  {"model":"minecraft:block/wood/dark_oak/dark_oak_stairs_inner_1","y":180,"uvlock":true,"x":180},
	  {"model":"minecraft:block/wood/dark_oak/dark_oak_stairs_inner_2","y":180,"uvlock":true,"x":180} ],
	  
	"facing=north,half=top,shape=inner_right": [ 
	  {"model":"minecraft:block/wood/dark_oak/dark_oak_stairs_inner","x":180,"uvlock":true},
	  {"model":"minecraft:block/wood/dark_oak/dark_oak_stairs_inner_1","x":180,"uvlock":true},
	  {"model":"minecraft:block/wood/dark_oak/dark_oak_stairs_inner_2","x":180,"uvlock":true} ],
	  
	"facing=east,half=top,shape=inner_left": [
	  {"model":"minecraft:block/wood/dark_oak/dark_oak_stairs_inner","x":180,"uvlock":true},
	  {"model":"minecraft:block/wood/dark_oak/dark_oak_stairs_inner_1","x":180,"uvlock":true},
	  {"model":"minecraft:block/wood/dark_oak/dark_oak_stairs_inner_2","x":180,"uvlock":true} ],
	  
	"facing=west,half=top,shape=inner_left": [
	  {"model":"minecraft:block/wood/dark_oak/dark_oak_stairs_inner","y":180,"uvlock":true,"x":180},
	  {"model":"minecraft:block/wood/dark_oak/dark_oak_stairs_inner_1","y":180,"uvlock":true,"x":180},
	  {"model":"minecraft:block/wood/dark_oak/dark_oak_stairs_inner_2","y":180,"uvlock":true,"x":180} ],
	  
	"facing=south,half=top,shape=inner_left": [
	  {"model":"minecraft:block/wood/dark_oak/dark_oak_stairs_inner","y":90,"uvlock":true,"x":180},
	  {"model":"minecraft:block/wood/dark_oak/dark_oak_stairs_inner_1","y":90,"uvlock":true,"x":180},
	  {"model":"minecraft:block/wood/dark_oak/dark_oak_stairs_inner_2","y":90,"uvlock":true,"x":180} ],
	  
	"facing=north,half=top,shape=inner_left": [
	  {"model":"minecraft:block/wood/dark_oak/dark_oak_stairs_inner","y":270,"uvlock":true,"x":180},
	  {"model":"minecraft:block/wood/dark_oak/dark_oak_stairs_inner_1","y":270,"uvlock":true,"x":180},
	  {"model":"minecraft:block/wood/dark_oak/dark_oak_stairs_inner_2","y":270,"uvlock":true,"x":180} ]
	}
}