{
  "variants": {

    "type=bottom": [
      {"model": "minecraft:block/exposed_cut_copper_slab"},
      {"model": "minecraft:block/exposed_cut_copper_slab1"},
      {"model": "minecraft:block/exposed_cut_copper_slab2"}
    ],
	
    "type=top": [
      {"model": "minecraft:block/exposed_cut_copper_slab_top"},
      {"model": "minecraft:block/exposed_cut_copper_slab_top1"},
      {"model": "minecraft:block/exposed_cut_copper_slab_top2"}
    ],
	
    "type=double": [
      {"model": "minecraft:block/exposed_cut_copper"},
      {"model": "minecraft:block/exposed_cut_copper1"},
      {"model": "minecraft:block/exposed_cut_copper2"}
    ]
  }
}