{
  "variants": {
    "axis=x": [
      {
        "model": "minecraft:block/deepslate_inf",
        "x": 90,
        "y": 90
      },
      {
        "model": "minecraft:block/deepslate_mirrored_inf",
        "x": 90,
        "y": 90
      },
      {
        "model": "minecraft:block/deepslate_inf",
        "x": 90,
        "y": 90
      },
      {
        "model": "minecraft:block/deepslate_mirrored_inf",
        "x": 90,
        "y": 90
      }
    ],
    "axis=y": [
      {
        "model": "minecraft:block/deepslate_inf"
      },
      {
        "model": "minecraft:block/deepslate_mirrored_inf"
      },
      {
        "model": "minecraft:block/deepslate_inf",
        "y": 180
      },
      {
        "model": "minecraft:block/deepslate_mirrored_inf",
        "y": 180
      }
    ],
    "axis=z": [
      {
        "model": "minecraft:block/deepslate_inf",
        "x": 90
      },
      {
        "model": "minecraft:block/deepslate_mirrored_inf",
        "x": 90
      },
      {
        "model": "minecraft:block/deepslate_inf",
        "x": 90,
        "y": 180
      },
      {
        "model": "minecraft:block/deepslate_mirrored_inf",
        "x": 90,
        "y": 180
      }
    ]
  }
}