{
  "variants": {
    "persistent=true,distance=1": [
	{ "model": "minecraft:block/wood/jungle/jungle_leaves" },
	{ "model": "minecraft:block/wood/jungle/jungle_leaves_1", "weight": 16 }
	],
    "persistent=false,distance=1": [
	{ "model": "minecraft:block/wood/jungle/jungle_leaves" },
	{ "model": "minecraft:block/wood/jungle/jungle_leaves_1", "weight": 16 }
	],
    "persistent=true,distance=2": [
	{ "model": "minecraft:block/wood/jungle/jungle_leaves" },
	{ "model": "minecraft:block/wood/jungle/jungle_leaves_1", "weight": 16 }
	],
    "persistent=false,distance=2": [
	{ "model": "minecraft:block/wood/jungle/jungle_leaves" },
	{ "model": "minecraft:block/wood/jungle/jungle_leaves_1", "weight": 16 }
	],
    "persistent=true,distance=3": [
	{ "model": "minecraft:block/wood/jungle/jungle_leaves" },
	{ "model": "minecraft:block/wood/jungle/jungle_leaves_1", "weight": 8 }
	],
    "persistent=false,distance=3": [
	{ "model": "minecraft:block/wood/jungle/jungle_leaves" },
	{ "model": "minecraft:block/wood/jungle/jungle_leaves_1", "weight": 8 }
	],
    "persistent=true,distance=4": [
	{ "model": "minecraft:block/wood/jungle/jungle_leaves" },
	{ "model": "minecraft:block/wood/jungle/jungle_leaves_1", "weight": 8 }
	],
    "persistent=false,distance=4": [
	{ "model": "minecraft:block/wood/jungle/jungle_leaves" },
	{ "model": "minecraft:block/wood/jungle/jungle_leaves_1", "weight": 8 }
	],
    "persistent=true,distance=5": [
	{ "model": "minecraft:block/wood/jungle/jungle_leaves" },
	{ "model": "minecraft:block/wood/jungle/jungle_leaves_1", "weight": 4 }
	],
    "persistent=false,distance=5": [
	{ "model": "minecraft:block/wood/jungle/jungle_leaves" },
	{ "model": "minecraft:block/wood/jungle/jungle_leaves_1", "weight": 4 }
	],
    "persistent=true,distance=6": [
	{ "model": "minecraft:block/wood/jungle/jungle_leaves" },
	{ "model": "minecraft:block/wood/jungle/jungle_leaves_1", "weight": 4 }
	],
    "persistent=false,distance=6": [
	{ "model": "minecraft:block/wood/jungle/jungle_leaves" },
	{ "model": "minecraft:block/wood/jungle/jungle_leaves_1", "weight": 4 }
	],
    "persistent=true,distance=7": [
	{ "model": "minecraft:block/wood/jungle/jungle_leaves_1" }
	],
	"persistent=false,distance=7": {"model": "minecraft:block/wood/jungle/jungle_leaves_dead"}	
  }
}