{
  "variants": {
    "type=bottom": [
	{ "model": "minecraft:block/wood/jungle/jungle_slab" },
	{ "model": "minecraft:block/wood/jungle/jungle_slab_1" },
	{ "model": "minecraft:block/wood/jungle/jungle_slab_2" }
	],
    "type=double": [
	{ "model": "minecraft:block/wood/jungle/jungle_planks" },
	{ "model": "minecraft:block/wood/jungle/jungle_planks1" },
	{ "model": "minecraft:block/wood/jungle/jungle_planks2" }
	],
    "type=top": [
	{ "model": "minecraft:block/wood/jungle/jungle_slab_top" },
	{ "model": "minecraft:block/wood/jungle/jungle_slab_top_1" },
	{ "model": "minecraft:block/wood/jungle/jungle_slab_top_2" }
	]
  }
}