{
  "variants": {
	"facing=east,half=bottom,shape=straight": [
	  {"model":"block/mossy_cobblestone_stairs"},
	  {"model":"block/mossy_cobblestone_stairs1"},
	  {"model":"block/mossy_cobblestone_stairs2"},
	  {"model":"block/mossy_cobblestone_stairs3"} ],

	"facing=west,half=bottom,shape=straight": [
	  {"model":"block/mossy_cobblestone_stairs","y":180,"uvlock":true},
	  {"model":"block/mossy_cobblestone_stairs1","y":180,"uvlock":true},
	  {"model":"block/mossy_cobblestone_stairs2","y":180,"uvlock":true},
	  {"model":"block/mossy_cobblestone_stairs3","y":180,"uvlock":true} ],

	"facing=south,half=bottom,shape=straight":[ 
	  {"model":"block/mossy_cobblestone_stairs","y":90,"uvlock":true},
	  {"model":"block/mossy_cobblestone_stairs1","y":90,"uvlock":true},
	  {"model":"block/mossy_cobblestone_stairs2","y":90,"uvlock":true},
	  {"model":"block/mossy_cobblestone_stairs3","y":90,"uvlock":true} ],

	"facing=north,half=bottom,shape=straight":[ 
	  {"model":"block/mossy_cobblestone_stairs","y":270,"uvlock":true},
	  {"model":"block/mossy_cobblestone_stairs1","y":270,"uvlock":true},
	  {"model":"block/mossy_cobblestone_stairs2","y":270,"uvlock":true},
	  {"model":"block/mossy_cobblestone_stairs3","y":270,"uvlock":true} ],

	"facing=east,half=bottom,shape=outer_right":[ 
	  {"model":"block/mossy_cobblestone_stairs_outer"},
	  {"model":"block/mossy_cobblestone_stairs_outer1"},
	  {"model":"block/mossy_cobblestone_stairs_outer2"},
	  {"model":"block/mossy_cobblestone_stairs_outer3"} ],

	"facing=west,half=bottom,shape=outer_right": [ 
	  {"model":"block/mossy_cobblestone_stairs_outer","y":180,"uvlock":true},
	  {"model":"block/mossy_cobblestone_stairs_outer1","y":180,"uvlock":true},
	  {"model":"block/mossy_cobblestone_stairs_outer2","y":180,"uvlock":true},
	  {"model":"block/mossy_cobblestone_stairs_outer3","y":180,"uvlock":true} ],

	"facing=south,half=bottom,shape=outer_right": [
	  {"model":"block/mossy_cobblestone_stairs_outer","y":90,"uvlock":true},
	  {"model":"block/mossy_cobblestone_stairs_outer1","y":90,"uvlock":true},
	  {"model":"block/mossy_cobblestone_stairs_outer2","y":90,"uvlock":true},
	  {"model":"block/mossy_cobblestone_stairs_outer3","y":90,"uvlock":true} ],

	"facing=north,half=bottom,shape=outer_right": [
	  {"model":"block/mossy_cobblestone_stairs_outer","y":270,"uvlock":true},
	  {"model":"block/mossy_cobblestone_stairs_outer1","y":270,"uvlock":true},
	  {"model":"block/mossy_cobblestone_stairs_outer2","y":270,"uvlock":true},
	  {"model":"block/mossy_cobblestone_stairs_outer3","y":270,"uvlock":true} ],

	"facing=east,half=bottom,shape=outer_left": [
	  {"model":"block/mossy_cobblestone_stairs_outer","y":270,"uvlock":true},
	  {"model":"block/mossy_cobblestone_stairs_outer1","y":270,"uvlock":true},
	  {"model":"block/mossy_cobblestone_stairs_outer2","y":270,"uvlock":true},
	  {"model":"block/mossy_cobblestone_stairs_outer3","y":270,"uvlock":true} ],

	"facing=west,half=bottom,shape=outer_left": [
	  {"model":"block/mossy_cobblestone_stairs_outer","y":90,"uvlock":true},
	  {"model":"block/mossy_cobblestone_stairs_outer1","y":90,"uvlock":true},
	  {"model":"block/mossy_cobblestone_stairs_outer2","y":90,"uvlock":true},
	  {"model":"block/mossy_cobblestone_stairs_outer3","y":90,"uvlock":true} ],

	"facing=south,half=bottom,shape=outer_left": [
	  {"model":"block/mossy_cobblestone_stairs_outer"},
	  {"model":"block/mossy_cobblestone_stairs_outer1"},
	  {"model":"block/mossy_cobblestone_stairs_outer2"},
	  {"model":"block/mossy_cobblestone_stairs_outer3"} ],

	"facing=north,half=bottom,shape=outer_left": [
	  {"model":"block/mossy_cobblestone_stairs_outer","y":180,"uvlock":true},
	  {"model":"block/mossy_cobblestone_stairs_outer1","y":180,"uvlock":true},
	  {"model":"block/mossy_cobblestone_stairs_outer2","y":180,"uvlock":true},
	  {"model":"block/mossy_cobblestone_stairs_outer3","y":180,"uvlock":true} ],

	"facing=east,half=bottom,shape=inner_right": [
	  {"model":"block/mossy_cobblestone_stairs_inner"},
	  {"model":"block/mossy_cobblestone_stairs_inner1"},
	  {"model":"block/mossy_cobblestone_stairs_inner2"},
	  {"model":"block/mossy_cobblestone_stairs_inner3"} ],

	"facing=west,half=bottom,shape=inner_right": [
	  {"model":"block/mossy_cobblestone_stairs_inner","y":180,"uvlock":true},
	  {"model":"block/mossy_cobblestone_stairs_inner1","y":180,"uvlock":true},
	  {"model":"block/mossy_cobblestone_stairs_inner2","y":180,"uvlock":true},
	  {"model":"block/mossy_cobblestone_stairs_inner3","y":180,"uvlock":true} ],

	"facing=south,half=bottom,shape=inner_right": [
	  {"model":"block/mossy_cobblestone_stairs_inner","y":90,"uvlock":true},
	  {"model":"block/mossy_cobblestone_stairs_inner1","y":90,"uvlock":true},
	  {"model":"block/mossy_cobblestone_stairs_inner2","y":90,"uvlock":true},
	  {"model":"block/mossy_cobblestone_stairs_inner3","y":90,"uvlock":true} ],

	"facing=north,half=bottom,shape=inner_right": [
	  {"model":"block/mossy_cobblestone_stairs_inner","y":270,"uvlock":true},
	  {"model":"block/mossy_cobblestone_stairs_inner1","y":270,"uvlock":true},
	  {"model":"block/mossy_cobblestone_stairs_inner2","y":270,"uvlock":true},
	  {"model":"block/mossy_cobblestone_stairs_inner3","y":270,"uvlock":true} ],

	"facing=east,half=bottom,shape=inner_left": [
	  {"model":"block/mossy_cobblestone_stairs_inner","y":270,"uvlock":true},
	  {"model":"block/mossy_cobblestone_stairs_inner1","y":270,"uvlock":true},
	  {"model":"block/mossy_cobblestone_stairs_inner2","y":270,"uvlock":true},
	  {"model":"block/mossy_cobblestone_stairs_inner3","y":270,"uvlock":true} ],

	"facing=west,half=bottom,shape=inner_left": [
	  {"model":"block/mossy_cobblestone_stairs_inner","y":90,"uvlock":true},
	  {"model":"block/mossy_cobblestone_stairs_inner1","y":90,"uvlock":true},
	  {"model":"block/mossy_cobblestone_stairs_inner2","y":90,"uvlock":true},
	  {"model":"block/mossy_cobblestone_stairs_inner3","y":90,"uvlock":true} ],

	"facing=south,half=bottom,shape=inner_left": [
	  {"model":"block/mossy_cobblestone_stairs_inner"},
	  {"model":"block/mossy_cobblestone_stairs_inner1"},
	  {"model":"block/mossy_cobblestone_stairs_inner2"},
	  {"model":"block/mossy_cobblestone_stairs_inner3"} ],

	"facing=north,half=bottom,shape=inner_left": [
	  {"model":"block/mossy_cobblestone_stairs_inner","y":180,"uvlock":true},
	  {"model":"block/mossy_cobblestone_stairs_inner1","y":180,"uvlock":true},
	  {"model":"block/mossy_cobblestone_stairs_inner2","y":180,"uvlock":true},
	  {"model":"block/mossy_cobblestone_stairs_inner3","y":180,"uvlock":true} ],

	"facing=east,half=top,shape=straight": [
	  {"model":"block/mossy_cobblestone_stairs","x":180,"uvlock":true},
	  {"model":"block/mossy_cobblestone_stairs1","x":180,"uvlock":true},
	  {"model":"block/mossy_cobblestone_stairs2","x":180,"uvlock":true},
	  {"model":"block/mossy_cobblestone_stairs3","x":180,"uvlock":true} ],

	"facing=west,half=top,shape=straight": [
	  {"model":"block/mossy_cobblestone_stairs","y":180,"uvlock":true,"x":180},
	  {"model":"block/mossy_cobblestone_stairs1","y":180,"uvlock":true,"x":180},
	  {"model":"block/mossy_cobblestone_stairs2","y":180,"uvlock":true,"x":180},
	  {"model":"block/mossy_cobblestone_stairs3","y":180,"uvlock":true,"x":180} ],

	"facing=south,half=top,shape=straight": [
	  {"model":"block/mossy_cobblestone_stairs","y":90,"uvlock":true,"x":180},
	  {"model":"block/mossy_cobblestone_stairs1","y":90,"uvlock":true,"x":180},
	  {"model":"block/mossy_cobblestone_stairs2","y":90,"uvlock":true,"x":180},
	  {"model":"block/mossy_cobblestone_stairs3","y":90,"uvlock":true,"x":180} ],

	"facing=north,half=top,shape=straight": [
	  {"model":"block/mossy_cobblestone_stairs","y":270,"uvlock":true,"x":180},
	  {"model":"block/mossy_cobblestone_stairs1","y":270,"uvlock":true,"x":180},
	  {"model":"block/mossy_cobblestone_stairs2","y":270,"uvlock":true,"x":180},
	  {"model":"block/mossy_cobblestone_stairs3","y":270,"uvlock":true,"x":180} ],

	"facing=east,half=top,shape=outer_right": [
	  {"model":"block/mossy_cobblestone_stairs_outer","y":90,"uvlock":true,"x":180},
	  {"model":"block/mossy_cobblestone_stairs_outer1","y":90,"uvlock":true,"x":180},
	  {"model":"block/mossy_cobblestone_stairs_outer2","y":90,"uvlock":true,"x":180},
	  {"model":"block/mossy_cobblestone_stairs_outer3","y":90,"uvlock":true,"x":180} ],

	"facing=west,half=top,shape=outer_right": [
	  {"model":"block/mossy_cobblestone_stairs_outer","y":270,"uvlock":true,"x":180},
	  {"model":"block/mossy_cobblestone_stairs_outer1","y":270,"uvlock":true,"x":180},
	  {"model":"block/mossy_cobblestone_stairs_outer2","y":270,"uvlock":true,"x":180},
	  {"model":"block/mossy_cobblestone_stairs_outer3","y":270,"uvlock":true,"x":180} ],

	"facing=south,half=top,shape=outer_right": [
	  {"model":"block/mossy_cobblestone_stairs_outer","y":180,"uvlock":true,"x":180},
	  {"model":"block/mossy_cobblestone_stairs_outer1","y":180,"uvlock":true,"x":180},
	  {"model":"block/mossy_cobblestone_stairs_outer2","y":180,"uvlock":true,"x":180},
	  {"model":"block/mossy_cobblestone_stairs_outer3","y":180,"uvlock":true,"x":180} ],

	"facing=north,half=top,shape=outer_right": [
	  {"model":"block/mossy_cobblestone_stairs_outer","x":180,"uvlock":true},
	  {"model":"block/mossy_cobblestone_stairs_outer1","x":180,"uvlock":true},
	  {"model":"block/mossy_cobblestone_stairs_outer2","x":180,"uvlock":true},
	  {"model":"block/mossy_cobblestone_stairs_outer3","x":180,"uvlock":true} ],

	"facing=east,half=top,shape=outer_left": [
	  {"model":"block/mossy_cobblestone_stairs_outer","x":180,"uvlock":true},
	  {"model":"block/mossy_cobblestone_stairs_outer1","x":180,"uvlock":true},
	  {"model":"block/mossy_cobblestone_stairs_outer2","x":180,"uvlock":true},
	  {"model":"block/mossy_cobblestone_stairs_outer3","x":180,"uvlock":true} ],

	"facing=west,half=top,shape=outer_left": [
	  {"model":"block/mossy_cobblestone_stairs_outer","y":180,"uvlock":true,"x":180},
	  {"model":"block/mossy_cobblestone_stairs_outer1","y":180,"uvlock":true,"x":180},
	  {"model":"block/mossy_cobblestone_stairs_outer2","y":180,"uvlock":true,"x":180},
	  {"model":"block/mossy_cobblestone_stairs_outer3","y":180,"uvlock":true,"x":180} ],

	"facing=south,half=top,shape=outer_left": [
	  {"model":"block/mossy_cobblestone_stairs_outer","y":90,"uvlock":true,"x":180},
	  {"model":"block/mossy_cobblestone_stairs_outer1","y":90,"uvlock":true,"x":180},
	  {"model":"block/mossy_cobblestone_stairs_outer2","y":90,"uvlock":true,"x":180},
	  {"model":"block/mossy_cobblestone_stairs_outer3","y":90,"uvlock":true,"x":180} ],

	"facing=north,half=top,shape=outer_left": [
	  {"model":"block/mossy_cobblestone_stairs_outer","y":270,"uvlock":true,"x":180},
	  {"model":"block/mossy_cobblestone_stairs_outer1","y":270,"uvlock":true,"x":180},
	  {"model":"block/mossy_cobblestone_stairs_outer2","y":270,"uvlock":true,"x":180},
	  {"model":"block/mossy_cobblestone_stairs_outer3","y":270,"uvlock":true,"x":180} ],

	"facing=east,half=top,shape=inner_right": [
	  {"model":"block/mossy_cobblestone_stairs_inner","y":90,"uvlock":true,"x":180},
	  {"model":"block/mossy_cobblestone_stairs_inner1","y":90,"uvlock":true,"x":180},
	  {"model":"block/mossy_cobblestone_stairs_inner2","y":90,"uvlock":true,"x":180},
	  {"model":"block/mossy_cobblestone_stairs_inner3","y":90,"uvlock":true,"x":180} ],

	"facing=west,half=top,shape=inner_right": [
	  {"model":"block/mossy_cobblestone_stairs_inner","y":270,"uvlock":true,"x":180},
	  {"model":"block/mossy_cobblestone_stairs_inner1","y":270,"uvlock":true,"x":180},
	  {"model":"block/mossy_cobblestone_stairs_inner2","y":270,"uvlock":true,"x":180},
	  {"model":"block/mossy_cobblestone_stairs_inner3","y":270,"uvlock":true,"x":180} ],

	"facing=south,half=top,shape=inner_right": [
	  {"model":"block/mossy_cobblestone_stairs_inner","y":180,"uvlock":true,"x":180},
	  {"model":"block/mossy_cobblestone_stairs_inner1","y":180,"uvlock":true,"x":180},
	  {"model":"block/mossy_cobblestone_stairs_inner2","y":180,"uvlock":true,"x":180},
	  {"model":"block/mossy_cobblestone_stairs_inner3","y":180,"uvlock":true,"x":180} ],

	"facing=north,half=top,shape=inner_right": [ 
	  {"model":"block/mossy_cobblestone_stairs_inner","x":180,"uvlock":true},
	  {"model":"block/mossy_cobblestone_stairs_inner1","x":180,"uvlock":true},
	  {"model":"block/mossy_cobblestone_stairs_inner2","x":180,"uvlock":true},
	  {"model":"block/mossy_cobblestone_stairs_inner3","x":180,"uvlock":true} ],

	"facing=east,half=top,shape=inner_left": [
	  {"model":"block/mossy_cobblestone_stairs_inner","x":180,"uvlock":true},
	  {"model":"block/mossy_cobblestone_stairs_inner1","x":180,"uvlock":true},
	  {"model":"block/mossy_cobblestone_stairs_inner2","x":180,"uvlock":true},
	  {"model":"block/mossy_cobblestone_stairs_inner3","x":180,"uvlock":true} ],

	"facing=west,half=top,shape=inner_left": [
	  {"model":"block/mossy_cobblestone_stairs_inner","y":180,"uvlock":true,"x":180},
	  {"model":"block/mossy_cobblestone_stairs_inner1","y":180,"uvlock":true,"x":180},
	  {"model":"block/mossy_cobblestone_stairs_inner2","y":180,"uvlock":true,"x":180},
	  {"model":"block/mossy_cobblestone_stairs_inner3","y":180,"uvlock":true,"x":180} ],

	"facing=south,half=top,shape=inner_left": [
	  {"model":"block/mossy_cobblestone_stairs_inner","y":90,"uvlock":true,"x":180},
	  {"model":"block/mossy_cobblestone_stairs_inner1","y":90,"uvlock":true,"x":180},
	  {"model":"block/mossy_cobblestone_stairs_inner2","y":90,"uvlock":true,"x":180},
	  {"model":"block/mossy_cobblestone_stairs_inner3","y":90,"uvlock":true,"x":180} ],

	"facing=north,half=top,shape=inner_left": [
	  {"model":"block/mossy_cobblestone_stairs_inner","y":270,"uvlock":true,"x":180},
	  {"model":"block/mossy_cobblestone_stairs_inner1","y":270,"uvlock":true,"x":180},
	  {"model":"block/mossy_cobblestone_stairs_inner2","y":270,"uvlock":true,"x":180},
	  {"model":"block/mossy_cobblestone_stairs_inner3","y":270,"uvlock":true,"x":180} ]
	}
}