{
  "variants": {
    "type=bottom": [
      {"model": "block/mossy_cobblestone_slab", "weight": 4},
      {"model": "block/mossy_cobblestone_slab1"},
      {"model": "block/mossy_cobblestone_slab2"},
      {"model": "block/mossy_cobblestone_slab3"}
    ],
    "type=top": [
      {"model": "block/mossy_cobblestone_slab_top", "weight": 4},
      {"model": "block/mossy_cobblestone_slab_top1"},
      {"model": "block/mossy_cobblestone_slab_top2"},
      {"model": "block/mossy_cobblestone_slab_top3"}
    ],
    "type=double": [
      {"model": "block/mossy_cobblestone", "weight": 4},
      {"model": "block/mossy_cobblestone1"},
      {"model": "block/mossy_cobblestone2"},
      {"model": "block/mossy_cobblestone3"}
    ]
  }
}