{
  "variants": {
    "": [
      { "model": "minecraft:block/orange_tulip" },
      { "model": "minecraft:block/flowers/two_orange_tulips" },
      { "model": "minecraft:block/flowers/two_orange_tulips_alt" },
      { "model": "minecraft:block/flowers/three_orange_tulips" },
      { "model": "minecraft:block/flowers/three_orange_tulips_alt" },
      { "model": "minecraft:block/orange_tulip1" },
      { "model": "minecraft:block/flowers/two_orange_tulips1" },
      { "model": "minecraft:block/flowers/two_orange_tulips_alt1" },
      { "model": "minecraft:block/flowers/three_orange_tulips1" },
      { "model": "minecraft:block/flowers/three_orange_tulips_alt1" },
      { "model": "minecraft:block/orange_tulip2" },
      { "model": "minecraft:block/flowers/two_orange_tulips2" },
      { "model": "minecraft:block/flowers/two_orange_tulips_alt2" },
      { "model": "minecraft:block/flowers/three_orange_tulips2" },
      { "model": "minecraft:block/flowers/three_orange_tulips_alt2" },
      { "model": "minecraft:block/orange_tulip3" },
      { "model": "minecraft:block/flowers/two_orange_tulips3" },
      { "model": "minecraft:block/flowers/two_orange_tulips_alt3" },
      { "model": "minecraft:block/flowers/three_orange_tulips3" },
      { "model": "minecraft:block/flowers/three_orange_tulips_alt3" }
    ]
  }
}