{
  "variants": {
    "": [
      { "model": "minecraft:block/oxeye_daisy" },
      { "model": "minecraft:block/flowers/two_oxeye_daisies" },
      { "model": "minecraft:block/flowers/two_oxeye_daisies_alt" },
      { "model": "minecraft:block/flowers/three_oxeye_daisies", "weight": 16 },
      { "model": "minecraft:block/flowers/three_oxeye_daisies_alt", "weight": 16 },
      { "model": "minecraft:block/oxeye_daisy2" },
      { "model": "minecraft:block/flowers/two_oxeye_daisies2" },
      { "model": "minecraft:block/flowers/two_oxeye_daisies_alt2" },
      { "model": "minecraft:block/flowers/three_oxeye_daisies2", "weight": 16 },
      { "model": "minecraft:block/flowers/three_oxeye_daisies_alt2", "weight": 16 },
      { "model": "minecraft:block/oxeye_daisy3" },
      { "model": "minecraft:block/flowers/two_oxeye_daisies3" },
      { "model": "minecraft:block/flowers/two_oxeye_daisies_alt3" },
      { "model": "minecraft:block/flowers/three_oxeye_daisies3", "weight": 16 },
      { "model": "minecraft:block/flowers/three_oxeye_daisies_alt3", "weight": 16 },
      { "model": "minecraft:block/oxeye_daisy4" },
      { "model": "minecraft:block/flowers/two_oxeye_daisies4" },
      { "model": "minecraft:block/flowers/two_oxeye_daisies_alt4" },
      { "model": "minecraft:block/flowers/three_oxeye_daisies4", "weight": 16 },
      { "model": "minecraft:block/flowers/three_oxeye_daisies_alt4", "weight": 16 }
    ]
  }
}