{
  "variants": {
    "type=bottom": [
	{ "model": "minecraft:block/wood/pale_oak/pale_oak_slab" },
	{ "model": "minecraft:block/wood/pale_oak/pale_oak_slab_1" },
	{ "model": "minecraft:block/wood/pale_oak/pale_oak_slab_2" }
	],
    "type=double": [
	{ "model": "minecraft:block/wood/pale_oak/pale_oak_planks" },
	{ "model": "minecraft:block/wood/pale_oak/pale_oak_planks1" },
	{ "model": "minecraft:block/wood/pale_oak/pale_oak_planks2" }
	],
    "type=top": [
	{ "model": "minecraft:block/wood/pale_oak/pale_oak_slab_top" },
	{ "model": "minecraft:block/wood/pale_oak/pale_oak_slab_top_1" },
	{ "model": "minecraft:block/wood/pale_oak/pale_oak_slab_top_2" }
	]
  }
}