{
  "variants": {
    "": [
      { "model": "minecraft:block/pink_tulip" },
      { "model": "minecraft:block/flowers/two_pink_tulips" },
      { "model": "minecraft:block/flowers/two_pink_tulips_alt" },
      { "model": "minecraft:block/flowers/three_pink_tulips" },
      { "model": "minecraft:block/flowers/three_pink_tulips_alt" },
      { "model": "minecraft:block/pink_tulip1" },
      { "model": "minecraft:block/flowers/two_pink_tulips1" },
      { "model": "minecraft:block/flowers/two_pink_tulips_alt1" },
      { "model": "minecraft:block/flowers/three_pink_tulips1" },
      { "model": "minecraft:block/flowers/three_pink_tulips_alt1" },
      { "model": "minecraft:block/pink_tulip2" },
      { "model": "minecraft:block/flowers/two_pink_tulips2" },
      { "model": "minecraft:block/flowers/two_pink_tulips_alt2" },
      { "model": "minecraft:block/flowers/three_pink_tulips2" },
      { "model": "minecraft:block/flowers/three_pink_tulips_alt2" },
      { "model": "minecraft:block/pink_tulip3" },
      { "model": "minecraft:block/flowers/two_pink_tulips3" },
      { "model": "minecraft:block/flowers/two_pink_tulips_alt3" },
      { "model": "minecraft:block/flowers/three_pink_tulips3" },
      { "model": "minecraft:block/flowers/three_pink_tulips_alt3" }
    ]
  }
}