{
  "variants": {
    "": [
      { "model": "minecraft:block/poppy" },
      { "model": "minecraft:block/flowers/two_poppies" },
      { "model": "minecraft:block/flowers/two_poppies_alt" },
      { "model": "minecraft:block/flowers/three_poppies", "weight": 16 },
      { "model": "minecraft:block/flowers/three_poppies_alt", "weight": 16 },
      { "model": "minecraft:block/poppy2" },
      { "model": "minecraft:block/flowers/two_poppies2" },
      { "model": "minecraft:block/flowers/two_poppies_alt2" },
      { "model": "minecraft:block/flowers/three_poppies2", "weight": 16 },
      { "model": "minecraft:block/flowers/three_poppies_alt2", "weight": 16 },
      { "model": "minecraft:block/poppy3" },
      { "model": "minecraft:block/flowers/two_poppies3" },
      { "model": "minecraft:block/flowers/two_poppies_alt3" },
      { "model": "minecraft:block/flowers/three_poppies3", "weight": 16 },
      { "model": "minecraft:block/flowers/three_poppies_alt3", "weight": 16 },
      { "model": "minecraft:block/poppy4" },
      { "model": "minecraft:block/flowers/two_poppies4" },
      { "model": "minecraft:block/flowers/two_poppies_alt4" },
      { "model": "minecraft:block/flowers/three_poppies4", "weight": 16 },
      { "model": "minecraft:block/flowers/three_poppies_alt4", "weight": 16 }
    ]
  }
}