{
  "variants": {
    "": [
      { "model": "minecraft:block/red_tulip" },
      { "model": "minecraft:block/flowers/two_red_tulips" },
      { "model": "minecraft:block/flowers/two_red_tulips_alt" },
      { "model": "minecraft:block/flowers/three_red_tulips" },
      { "model": "minecraft:block/flowers/three_red_tulips_alt" },
      { "model": "minecraft:block/red_tulip1" },
      { "model": "minecraft:block/flowers/two_red_tulips1" },
      { "model": "minecraft:block/flowers/two_red_tulips_alt1" },
      { "model": "minecraft:block/flowers/three_red_tulips1" },
      { "model": "minecraft:block/flowers/three_red_tulips_alt1" },
      { "model": "minecraft:block/red_tulip2" },
      { "model": "minecraft:block/flowers/two_red_tulips2" },
      { "model": "minecraft:block/flowers/two_red_tulips_alt2" },
      { "model": "minecraft:block/flowers/three_red_tulips2" },
      { "model": "minecraft:block/flowers/three_red_tulips_alt2" },
      { "model": "minecraft:block/red_tulip3" },
      { "model": "minecraft:block/flowers/two_red_tulips3" },
      { "model": "minecraft:block/flowers/two_red_tulips_alt3" },
      { "model": "minecraft:block/flowers/three_red_tulips3" },
      { "model": "minecraft:block/flowers/three_red_tulips_alt3" }
    ]
  }
}