{
  "multipart": [
    { "apply": { "model": "minecraft:block/resin_brick_wall_post" }, 
	"when": { "up": "true" } 
	},
    { "apply": { "model": "minecraft:block/resin_brick_wall_side_n", "uvlock": true },
	"when": { "north": "low" }
	},
    { "apply": { "model": "minecraft:block/resin_brick_wall_side_e" },
	"when": { "east": "low" }
    },
    { "apply": { "model": "minecraft:block/resin_brick_wall_side_s", "uvlock": true },
	"when": { "south": "low" }
    },
    { "apply": { "model": "minecraft:block/resin_brick_wall_side_w" },
	"when": { "west": "low" }
    },
    { "apply": { "model": "minecraft:block/resin_brick_wall_side_tall", "uvlock": true },
	"when": { "north": "tall" }
    },
    { "apply": { "model": "minecraft:block/resin_brick_wall_side_tall", "uvlock": true, "y": 90 }, 
	"when": { "east": "tall" }
    },
    { "apply": { "model": "minecraft:block/resin_brick_wall_side_tall", "uvlock": true, "y": 180 },
	"when": { "south": "tall" }
    },
    { "apply": { "model": "minecraft:block/resin_brick_wall_side_tall", "uvlock": true, "y": 270 },
	"when": { "west": "tall" }
    }
  ]
}