{

    "variants": {

        "": [
        { "model": "block/short_grass0", "weight": 25  },
        { "model": "block/short_grass1", "weight": 15  },
        { "model": "block/short_grass2", "weight": 15  },
        { "model": "block/short_grass3", "weight": 14  },
        { "model": "block/short_grass4", "weight": 12  },
        { "model": "block/short_grass5", "weight": 13  },
        { "model": "block/short_grass6", "weight": 8  },
        { "model": "block/short_grass7", "weight": 8  },
        { "model": "block/short_grass8", "weight": 11  }
      ]
   }
}
