{
    "variants": {
        "east=false,north=false,south=false,up=false,west=false": [
 { "model": "block/vine_1_1" },
 { "model": "block/vine_1_2" },
 { "model": "block/vine_1_3" },
 { "model": "block/vine_1_4" }
	],
        "east=false,north=false,south=true,up=false,west=false": [
 { "model": "block/vine_1_1" },
 { "model": "block/vine_1_2" },
 { "model": "block/vine_1_3" },
 { "model": "block/vine_1_4" }
	],
        "east=false,north=false,south=false,up=false,west=true": [
 { "model": "block/vine_1_1", "y": 90 },
 { "model": "block/vine_1_2", "y": 90 },
 { "model": "block/vine_1_3", "y": 90 },
 { "model": "block/vine_1_4", "y": 90 }
	],
        "east=false,north=true,south=false,up=false,west=false": [
 { "model": "block/vine_1_1", "y": 180 },
 { "model": "block/vine_1_2", "y": 180 },
 { "model": "block/vine_1_3", "y": 180 },
 { "model": "block/vine_1_4", "y": 180 }
	],
        "east=true,north=false,south=false,up=false,west=false": [
 { "model": "block/vine_1_1", "y": 270 },
 { "model": "block/vine_1_2", "y": 270 },
 { "model": "block/vine_1_3", "y": 270 },
 { "model": "block/vine_1_4", "y": 270 }
	],
        "east=true,north=true,south=false,up=false,west=false": [
 { "model": "block/vine_2_1" },
 { "model": "block/vine_2_2" },
 { "model": "block/vine_2_3" },
 { "model": "block/vine_2_4" }
	],
        "east=true,north=false,south=true,up=false,west=false": [
 { "model": "block/vine_2_1", "y": 90 },
 { "model": "block/vine_2_2", "y": 90 },
 { "model": "block/vine_2_3", "y": 90 },
 { "model": "block/vine_2_4", "y": 90 }
	],
        "east=false,north=false,south=true,up=false,west=true": [
 { "model": "block/vine_2_1", "y": 180 },
 { "model": "block/vine_2_2", "y": 180 },
 { "model": "block/vine_2_3", "y": 180 },
 { "model": "block/vine_2_4", "y": 180 }
	],
        "east=false,north=true,south=false,up=false,west=true": [
 { "model": "block/vine_2_1", "y": 270 },
 { "model": "block/vine_2_2", "y": 270 },
 { "model": "block/vine_2_3", "y": 270 },
 { "model": "block/vine_2_4", "y": 270 }
	],
        "east=true,north=false,south=false,up=false,west=true": [
 { "model": "block/vine_2_opposite_1" },
 { "model": "block/vine_2_opposite_2" },
 { "model": "block/vine_2_opposite_3" },
 { "model": "block/vine_2_opposite_4" }
	],
        "east=false,north=true,south=true,up=false,west=false": [
 { "model": "block/vine_2_opposite_1", "y": 90 },
 { "model": "block/vine_2_opposite_2", "y": 90 },
 { "model": "block/vine_2_opposite_3", "y": 90 },
 { "model": "block/vine_2_opposite_4", "y": 90 }
	],
        "east=true,north=true,south=true,up=false,west=false": [
 { "model": "block/vine_3_1" },
 { "model": "block/vine_3_2" },
 { "model": "block/vine_3_3" },
 { "model": "block/vine_3_4" }
	],
        "east=true,north=false,south=true,up=false,west=true": [
 { "model": "block/vine_3_1", "y": 90 },
 { "model": "block/vine_3_2", "y": 90 },
 { "model": "block/vine_3_3", "y": 90 },
 { "model": "block/vine_3_4", "y": 90 }
	],
        "east=false,north=true,south=true,up=false,west=true": [
 { "model": "block/vine_3_1", "y": 180 },
 { "model": "block/vine_3_2", "y": 180 },
 { "model": "block/vine_3_3", "y": 180 },
 { "model": "block/vine_3_4", "y": 180 }
	],
        "east=true,north=true,south=false,up=false,west=true": [
 { "model": "block/vine_3_1", "y": 270 },
 { "model": "block/vine_3_2", "y": 270 },
 { "model": "block/vine_3_3", "y": 270 },
 { "model": "block/vine_3_4", "y": 270 }
	],
        "east=true,north=true,south=true,up=false,west=true": [
 { "model": "block/vine_4_1" },
 { "model": "block/vine_4_2" },
 { "model": "block/vine_4_3" },
 { "model": "block/vine_4_4" }
	],
        "east=false,north=false,south=false,up=true,west=false": [
 { "model": "block/vine_u_1" },
 { "model": "block/vine_u_2" },
 { "model": "block/vine_u_3" },
 { "model": "block/vine_u_4" }
	],
        "east=false,north=false,south=true,up=true,west=false": [
 { "model": "block/vine_1u_1" },
 { "model": "block/vine_1u_2" },
 { "model": "block/vine_1u_3" },
 { "model": "block/vine_1u_4" }
	],
        "east=false,north=false,south=false,up=true,west=true": [
 { "model": "block/vine_1u_1", "y": 90 },
 { "model": "block/vine_1u_2", "y": 90 },
 { "model": "block/vine_1u_3", "y": 90 },
 { "model": "block/vine_1u_4", "y": 90 }
	],
        "east=false,north=true,south=false,up=true,west=false": [
 { "model": "block/vine_1u_1", "y": 180 },
 { "model": "block/vine_1u_2", "y": 180 },
 { "model": "block/vine_1u_3", "y": 180 },
 { "model": "block/vine_1u_4", "y": 180 }
	],
        "east=true,north=false,south=false,up=true,west=false": [
 { "model": "block/vine_1u_1", "y": 270 },
 { "model": "block/vine_1u_2", "y": 270 },
 { "model": "block/vine_1u_3", "y": 270 },
 { "model": "block/vine_1u_4", "y": 270 }
	],
        "east=true,north=true,south=false,up=true,west=false": [
 { "model": "block/vine_2u_1" },
 { "model": "block/vine_2u_2" },
 { "model": "block/vine_2u_3" },
 { "model": "block/vine_2u_4" }
	],
        "east=true,north=false,south=true,up=true,west=false": [
 { "model": "block/vine_2u_1", "y": 90 },
 { "model": "block/vine_2u_2", "y": 90 },
 { "model": "block/vine_2u_3", "y": 90 },
 { "model": "block/vine_2u_4", "y": 90 }
	],
        "east=false,north=false,south=true,up=true,west=true": [
 { "model": "block/vine_2u_1", "y": 180 },
 { "model": "block/vine_2u_2", "y": 180 },
 { "model": "block/vine_2u_3", "y": 180 },
 { "model": "block/vine_2u_4", "y": 180 }
	],
        "east=false,north=true,south=false,up=true,west=true": [
 { "model": "block/vine_2u_1", "y": 270 },
 { "model": "block/vine_2u_2", "y": 270 },
 { "model": "block/vine_2u_3", "y": 270 },
 { "model": "block/vine_2u_4", "y": 270 }
	],
        "east=true,north=false,south=false,up=true,west=true": [
 { "model": "block/vine_2u_opposite_1" },
 { "model": "block/vine_2u_opposite_2" },
 { "model": "block/vine_2u_opposite_3" },
 { "model": "block/vine_2u_opposite_4" }
	],
        "east=false,north=true,south=true,up=true,west=false": [
 { "model": "block/vine_2u_opposite_1", "y": 90 },
 { "model": "block/vine_2u_opposite_2", "y": 90 },
 { "model": "block/vine_2u_opposite_3", "y": 90 },
 { "model": "block/vine_2u_opposite_4", "y": 90 }
	],
        "east=true,north=true,south=true,up=true,west=false": [
 { "model": "block/vine_3u_1" },
 { "model": "block/vine_3u_2" },
 { "model": "block/vine_3u_3" },
 { "model": "block/vine_3u_4" }
	],
        "east=true,north=false,south=true,up=true,west=true": [
 { "model": "block/vine_3u_1", "y": 90 },
 { "model": "block/vine_3u_2", "y": 90 },
 { "model": "block/vine_3u_3", "y": 90 },
 { "model": "block/vine_3u_4", "y": 90 }
	],
        "east=false,north=true,south=true,up=true,west=true": [
 { "model": "block/vine_3u_1", "y": 180 },
 { "model": "block/vine_3u_2", "y": 180 },
 { "model": "block/vine_3u_3", "y": 180 },
 { "model": "block/vine_3u_4", "y": 180 }
	],
        "east=true,north=true,south=false,up=true,west=true": [
 { "model": "block/vine_3u_1", "y": 270 },
 { "model": "block/vine_3u_2", "y": 270 },
 { "model": "block/vine_3u_3", "y": 270 },
 { "model": "block/vine_3u_4", "y": 270 }
	],
        "east=true,north=true,south=true,up=true,west=true": [
 { "model": "block/vine_4u_1" },
 { "model": "block/vine_4u_2" },
 { "model": "block/vine_4u_3" },
 { "model": "block/vine_4u_4" }
	]
    }
}
