{
  "variants": {
    "type=bottom": [
	{ "model": "minecraft:block/wood/warped/warped_slab" },
	{ "model": "minecraft:block/wood/warped/warped_slab_1" },
	{ "model": "minecraft:block/wood/warped/warped_slab_2" }
	],
    "type=double": [
	{ "model": "minecraft:block/wood/warped/warped_planks" },
	{ "model": "minecraft:block/wood/warped/warped_planks1" },
	{ "model": "minecraft:block/wood/warped/warped_planks2" }
	],
    "type=top": [
	{ "model": "minecraft:block/wood/warped/warped_slab_top" },
	{ "model": "minecraft:block/wood/warped/warped_slab_top_1" },
	{ "model": "minecraft:block/wood/warped/warped_slab_top_2" }
	]
  }
}