{
  "variants": {
    "": [
      { "model": "minecraft:block/white_tulip" },
      { "model": "minecraft:block/flowers/two_white_tulips" },
      { "model": "minecraft:block/flowers/two_white_tulips_alt" },
      { "model": "minecraft:block/flowers/three_white_tulips" },
      { "model": "minecraft:block/flowers/three_white_tulips_alt" },
      { "model": "minecraft:block/white_tulip1" },
      { "model": "minecraft:block/flowers/two_white_tulips1" },
      { "model": "minecraft:block/flowers/two_white_tulips_alt1" },
      { "model": "minecraft:block/flowers/three_white_tulips1" },
      { "model": "minecraft:block/flowers/three_white_tulips_alt1" },
      { "model": "minecraft:block/white_tulip2" },
      { "model": "minecraft:block/flowers/two_white_tulips2" },
      { "model": "minecraft:block/flowers/two_white_tulips_alt2" },
      { "model": "minecraft:block/flowers/three_white_tulips2" },
      { "model": "minecraft:block/flowers/three_white_tulips_alt2" },
      { "model": "minecraft:block/white_tulip3" },
      { "model": "minecraft:block/flowers/two_white_tulips3" },
      { "model": "minecraft:block/flowers/two_white_tulips_alt3" },
      { "model": "minecraft:block/flowers/three_white_tulips3" },
      { "model": "minecraft:block/flowers/three_white_tulips_alt3" }
    ]
  }
}